School Number,Division Name,School Name,English Reading 2018-2019 Adv Pass Rate,Writing 2018-2019 Adv Pass Rate,Geography 2018-2019 Adv Pass Rate,VA & US History 2018-2019 Adv Pass Rate,World History I 2018-2019 Adv Pass Rate,World History II 2018-2019 Adv Pass Rate,Algebra I 2018-2019 Adv Pass Rate,Algebra II 2018-2019 Adv Pass Rate,Geometry 2018-2019 Adv Pass Rate,Biology 2018-2019 Adv Pass Rate,Chemistry 2018-2019 Adv Pass Rate,Earth Science 2018-2019 Adv Pass Rate,Standard Diploma ,Advanced Studies Diploma ,Other Diploma ,Certificate of Program Completion ,GED Certificate ,ISAEP3,Total Graduates2 and Completers 2019-2020,Attending Two-year Colleges,Attending Four-year Colleges,Other Continuing Education Plans,Employment,Military,No Plans
540,Accomack County  ,Arcadia High,5,13,1,2,12,5,1,5,6,6,0,1,84,68,,7,3,,162,2,148,6,4,1,1
70,Accomack County  ,Nandua High,4,19,2,7,7,22,0,11,4,22,0,5,71,73,8,,,,152,49,47,7,7,34,8
880,Albemarle County  ,Albemarle High,12,40,0,7,14,11,2,16,3,10,27,4,152,293,27,1,1,,474,93,260,30,47,8,36
1052,Albemarle County  ,Monticello High,10,30,7,3,13,8,0,11,0,20,22,4,109,163,1,,3,,276,72,124,4,68,6,2
890,Albemarle County  ,Murray High,5,23,11,,0,0,0,0,0,13,,6,18,3,,,,,21,10,3,2,6,,
140,Albemarle County  ,Western Albemarle High,12,54,22,8,27,17,0,17,4,22,19,6,63,223,5,,,3,294,35,205,30,23,1,
310,Alleghany County  ,Alleghany High,4,10,7,5,17,9,0,14,0,14,5,3,74,74,7,,3,,158,65,42,9,40,2,
10,Amelia County  ,Amelia County High,8,29,5,16,10,6,11,1,4,0,8,6,69,64,7,,,,140,32,56,19,26,7,
750,Amherst County  ,Amherst County High,22,,0,3,0,1,10,6,12,18,3,7,144,138,7,,2,,291,79,102,8,69,17,16
260,Appomattox County  ,Appomattox County High,13,0,8,26,1,17,15,9,30,4,0,0,70,72,4,,,3,149,33,66,6,40,4,
618,Arlington County  ,Arlington Community High,0,0,0,17,40,,,,8,27,2,6,55,5,,,1,,61,29,7,8,16,1,
450,Arlington County  ,Wakefield High,21,3,4,17,6,17,23,3,15,45,8,10,228,261,20,,,1,510,132,270,10,35,14,49
80,Arlington County  ,Washington-Liberty High,7,6,1,17,15,27,36,7,16,48,11,11,162,407,7,,,,576,91,410,10,26,7,32
330,Arlington County  ,Yorktown High,18,10,7,18,22,33,25,9,2,19,14,22,118,419,9,,,,546,59,453,11,16,3,4
660,Augusta County  ,Buffalo Gap High,44,34,23,13,4,13,0,12,10,36,20,3,72,49,1,,,,122,54,28,12,27,1,
670,Augusta County  ,Fort Defiance High,,24,1,18,15,19,37,17,4,23,7,7,83,82,8,1,3,,177,44,52,6,52,13,10
680,Augusta County  ,Riverheads High,,18,3,8,14,12,,9,9,26,12,0,65,50,1,,,2,118,14,20,6,4,4,70
730,Augusta County  ,Stuarts Draft High,,27,2,21,14,18,20,8,7,32,15,5,81,72,2,,,2,157,46,45,,42,5,19
720,Augusta County  ,Wilson Memorial High,49,45,5,39,14,22,18,6,5,6,9,23,78,96,15,,,2,191,10,20,9,8,3,141
140,Bath County  ,Bath County High,0,0,0,0,8,0,0,9,13,20,,2,9,18,3,,,,30,5,16,,8,1,
1212,Bedford County  ,Jefferson Forest High,9,41,0,7,0,2,4,30,3,15,4,0,100,216,13,,3,2,334,45,232,9,41,5,2
1180,Bedford County  ,Liberty High,5,30,,5,0,5,1,4,4,8,3,1,85,91,9,,,2,187,43,68,13,53,10,
1190,Bedford County  ,Staunton River High,5,21,3,3,,2,3,25,1,13,21,0,97,112,17,,2,,228,96,61,12,52,7,
430,Botetourt County  ,James River High,5,23,15,19,26,0,10,14,13,11,12,4,60,77,,,,,137,56,36,9,30,4,2
440,Botetourt County  ,Lord Botetourt High,27,0,3,17,28,4,20,6,13,22,14,1,91,173,8,,1,,273,65,140,5,45,7,11
650,Brunswick County  ,Brunswick High,7,0,2,0,1,6,0,0,,2,4,6,84,41,4,,1,,130,25,44,6,47,2,6
1000,Buchanan County  ,Council High ,4,25,15,0,0,6,0,13,4,19,0,12,5,11,,1,,1,18,10,2,3,2,,1
990,Buchanan County  ,Grundy High,3,13,0,8,0,15,17,0,23,0,0,7,68,27,,2,,5,102,62,17,5,16,1,1
1020,Buchanan County  ,Hurley High,10,2,0,0,15,4,0,2,8,5,15,12,45,5,,3,1,,54,21,15,3,12,2,1
1042,Buchanan County  ,Twin Valley High,0,28,8,7,0,0,10,8,8,11,0,,28,10,,1,1,1,41,29,7,1,3,,1
720,Campbell County  ,Brookville High,2,15,3,12,0,0,0,3,14,0,17,19,108,117,3,,,5,233,67,91,14,49,8,4
222,Campbell County  ,Rustburg High,1,2,0,6,2,0,0,5,17,7,11,13,104,103,,,,1,208,58,87,6,42,9,6
460,Caroline County  ,Caroline High,3,11,5,11,8,4,6,28,11,1,0,0,138,122,6,,1,,267,77,112,8,56,14,
1230,Carroll County  ,Carroll County High,0,19,5,8,0,5,8,21,8,10,3,2,109,142,9,,,1,261,76,108,,65,12,
460,Charlotte County  ,Randolph-Henry High,4,7,8,0,4,23,43,31,9,17,15,0,48,64,4,1,1,2,120,51,40,6,10,9,4
30,Chesterfield County  ,Carver College and Career Academy,13,0,0,,0,9,32,0,2,21,28,2,67,17,,2,2,19,107,42,19,7,32,6,1
740,Chesterfield County  ,Clover Hill High,24,10,21,38,5,11,42,25,13,17,28,3,165,295,9,,,,469,135,255,24,43,12,
840,Chesterfield County  ,Cosby High,40,22,22,24,7,10,31,35,8,15,22,2,125,402,10,,,,537,94,372,30,25,13,3
770,Chesterfield County  ,James River High,13,9,14,20,4,4,12,30,3,11,15,1,156,317,6,,,,479,114,282,19,49,10,5
10,Chesterfield County  ,Lloyd C. Bird High,11,5,5,14,0,6,0,18,11,1,9,15,220,185,5,,1,,411,126,155,30,89,11,
632,Chesterfield County  ,Manchester High,0,12,5,7,4,2,6,0,18,13,1,11,220,260,16,,,,496,137,216,39,85,14,5
530,Chesterfield County  ,Matoaca High,7,0,9,9,10,11,3,2,0,8,7,0,169,220,11,,1,,401,82,203,36,63,17,
580,Chesterfield County  ,Meadowbrook High,7,9,0,4,1,2,5,1,10,39,24,13,255,139,13,,,,407,137,123,22,111,14,
320,Chesterfield County  ,Midlothian High,13,29,0,24,13,23,25,15,7,24,7,2,88,287,13,,,,388,74,268,18,17,7,4
280,Chesterfield County  ,Monacan High,13,11,3,8,5,13,15,3,4,19,18,4,141,227,9,,,,377,79,222,16,50,10,
610,Chesterfield County  ,Thomas Dale High,5,6,0,6,3,9,11,4,9,24,8,12,288,321,12,,,1,622,181,255,25,128,32,1
10,Clarke County  ,Clarke County High,,21,0,6,5,14,7,2,2,2,13,24,39,124,3,,,,166,42,75,9,29,10,1
480,Culpeper County  ,Culpeper County High,19,3,19,30,10,6,27,8,16,17,2,20,125,140,3,,1,1,270,106,93,17,35,16,3
50,Culpeper County  ,Eastern View High,2,18,0,9,7,18,,0,18,9,0,2,159,171,1,,,,331,135,110,,70,16,
151,Cumberland County  ,Cumberland High,0,3,0,8,6,24,6,30,9,0,22,3,44,57,4,,,,105,5,34,3,59,4,
275,Dickenson County  ,Ridgeview High,5,2,10,0,4,6,17,3,1,6,17,0,92,50,4,,,3,149,46,26,3,62,,12
500,Dinwiddie County  ,Dinwiddie County High,2,16,13,15,4,2,6,4,23,,8,7,168,142,12,1,1,3,327,94,105,8,99,11,10
10,Essex County  ,Essex High,2,,2,0,1,5,0,9,2,,5,6,47,45,6,,,,98,33,34,9,18,3,1
660,Fairfax County  ,Annandale High,26,23,12,19,4,19,5,8,15,0,11,45,240,204,7,,,,451,99,185,12,4,5,146
200,Fairfax County  ,Centreville High,8,35,19,3,31,22,27,30,0,16,28,4,179,422,19,,,2,622,110,391,10,9,8,94
131,Fairfax County  ,Chantilly High,31,16,13,44,28,31,35,0,11,34,25,7,155,500,18,,1,,674,124,492,19,12,6,21
1270,Fairfax County  ,Edison High,14,5,22,13,14,19,0,0,0,0,1,,222,300,18,,,1,541,122,244,16,9,13,137
190,Fairfax County  ,Fairfax County Adult High,0,0,0,0,0,0,12,29,5,28,11,3,119,,,2,,,121,13,,9,80,,19
20,Fairfax County  ,Fairfax High,33,20,19,25,4,7,30,1,12,18,4,20,198,393,5,,,2,598,123,374,9,18,5,69
1100,Fairfax County  ,Falls Church High,17,12,21,0,8,19,2,26,9,2,31,15,204,242,11,1,,2,460,122,181,10,16,3,128
32,Fairfax County  ,Herndon High,13,11,1,6,27,18,2,15,5,18,7,16,196,304,10,,1,1,512,145,246,13,98,7,3
1070,Fairfax County  ,Justice High,16,1,21,52,17,49,22,1,39,34,41,41,224,275,5,,,1,505,157,228,12,56,6,46
1460,Fairfax County  ,Langley High,10,6,26,19,6,10,2,21,8,9,13,0,74,402,3,,,,479,28,421,3,3,,24
1060,Fairfax County  ,Madison High,16,40,7,22,19,2,31,23,32,26,9,19,99,436,2,,,,537,52,449,6,27,3,
1290,Fairfax County  ,Marshall High,60,20,0,30,7,23,18,36,38,0,19,49,154,370,5,,1,1,531,62,386,14,6,4,59
790,Fairfax County  ,McLean High,6,52,33,8,37,35,41,39,6,3,23,9,104,440,7,,,,551,65,446,17,8,4,11
420,Fairfax County  ,Mount Vernon High,3,14,1,14,5,7,12,1,0,2,0,0,239,181,7,,,1,428,113,147,30,83,17,38
2211,Fairfax County  ,Mountain View High,0,13,5,4,,0,0,17,29,1,32,11,121,3,,,,,124,38,25,13,23,8,17
1710,Fairfax County  ,Oakton High,3,28,26,44,43,3,9,25,2,24,16,3,127,510,5,,1,,643,54,493,8,3,4,81
2241,Fairfax County  ,South County High,29,16,19,27,0,14,42,18,7,32,0,0,171,345,15,,,3,534,104,345,16,12,11,46
1990,Fairfax County  ,South Lakes High,21,8,25,28,2,59,97,56,100,78,58,94,205,343,8,,,,556,115,351,23,19,4,44
1371,Fairfax County  ,Thomas Jefferson High for Science and Technology,63,86,94,,7,24,4,19,15,1,21,12,,443,,,,,443,1,440,1,,,1
900,Fairfax County  ,West Potomac High,13,9,3,13,53,19,52,31,4,36,19,27,301,327,11,,,,639,107,305,22,8,14,183
1610,Fairfax County  ,West Springfield High,35,0,9,29,3,23,15,7,29,15,20,23,146,368,4,,,1,519,121,347,11,34,5,1
2228,Fairfax County  ,Westfield High,0,18,56,13,37,33,13,40,28,33,35,0,224,384,14,,1,1,624,166,359,18,15,15,51
1260,Fairfax County  ,Woodson High,6,27,2,7,12,1,11,2,11,3,8,0,130,422,7,,,2,561,91,412,17,15,4,22
701,Fauquier County  ,Fauquier High,8,0,26,0,17,13,0,1,14,3,0,14,138,197,18,4,,,357,79,194,17,48,7,12
510,Fauquier County  ,Kettle Run High,4,5,5,19,2,9,4,0,13,2,10,3,106,188,15,,,1,310,57,194,7,21,15,16
851,Fauquier County  ,Liberty High,7,9,9,9,62,0,6,2,0,27,8,5,174,129,18,7,,4,332,103,104,19,40,17,49
660,Floyd County  ,Floyd County High,21,8,5,15,8,11,10,9,8,29,0,17,67,81,10,,,,158,45,60,3,37,3,10
260,Fluvanna County  ,Fluvanna County High,0,5,20,21,2,3,26,9,12,18,15,15,121,163,7,,,,291,101,114,29,38,8,1
1311,Franklin County  ,Franklin County High,,5,18,7,19,15,,4,30,10,14,19,218,254,10,,,,482,170,142,44,99,20,7
30,Frederick County  ,James Wood High,7,3,22,6,22,14,2,14,2,9,31,4,143,183,8,,,,334,62,158,11,55,19,29
584,Frederick County  ,Millbrook High,8,27,10,27,34,1,15,1,10,28,2,6,140,182,11,1,,,334,31,224,12,43,15,9
581,Frederick County  ,Sherando High,27,2,23,19,2,25,8,11,39,7,10,8,139,171,13,,,1,324,29,195,21,50,17,12
461,Giles County  ,Giles High,28,3,5,14,,10,7,3,14,22,14,0,79,24,7,,,,110,34,38,3,24,6,5
470,Giles County  ,Narrows High,13,2,4,19,8,5,16,0,2,0,7,29,45,12,,,,,57,15,25,2,14,,1
260,Gloucester County  ,Gloucester High,8,15,26,0,1,14,7,17,6,9,9,23,201,196,18,,1,10,426,123,140,20,108,35,
220,Goochland County  ,Goochland High,3,3,7,8,0,4,4,9,14,0,5,,48,153,7,,1,,209,36,116,8,38,10,1
421,Grayson County  ,Grayson County High,4,15,22,0,1,8,12,,4,12,23,,70,51,5,,,,126,72,24,3,23,4,
72,Greene County  ,William Monroe High,2,3,0,1,10,4,16,23,5,1,7,2,88,124,7,,,,219,55,81,5,75,3,
200,Greensville County  ,Greensville County High,5,7,0,4,1,4,0,5,5,14,5,3,84,59,6,,,,149,35,84,11,15,1,3
10,Halifax County  ,Halifax County High,7,14,1,21,2,6,0,10,3,5,5,1,216,112,16,,,,344,117,170,10,24,7,16
62,Hanover County  ,Atlee High,20,13,17,7,19,9,17,21,7,8,37,17,96,280,1,,,4,381,62,277,9,21,12,
554,Hanover County  ,Hanover High,12,4,16,1,8,4,11,18,5,6,24,8,80,224,5,1,,,310,49,228,4,18,11,
370,Hanover County  ,Lee Davis High,3,5,11,1,15,2,10,6,2,5,27,4,123,209,8,,,1,341,106,172,18,31,12,2
400,Hanover County  ,Patrick Henry High,13,8,4,1,11,5,14,7,2,5,,3,127,232,4,,,2,365,62,233,4,47,17,2
160,Henrico County  ,Deep Run High,22,32,27,5,35,10,26,32,1,15,36,29,58,367,7,,,,432,40,361,6,18,4,3
410,Henrico County  ,Douglas S. Freeman High,12,9,20,1,27,5,19,14,1,9,41,0,139,274,10,,1,5,429,65,254,36,61,9,4
96,Henrico County  ,Glen Allen High,8,4,17,4,27,7,26,20,6,0,5,20,115,317,7,,,,439,116,275,6,28,10,4
610,Henrico County  ,Henrico High,,1,2,9,0,20,5,11,9,1,6,11,186,186,21,,1,2,396,81,192,35,67,15,6
670,Henrico County  ,Hermitage High,3,2,8,8,1,9,1,4,10,2,0,2,234,148,7,1,,2,392,40,93,9,39,5,206
190,Henrico County  ,Highland Springs High,11,11,2,4,4,0,3,2,5,3,3,9,236,171,16,,,7,430,56,146,20,76,13,119
600,Henrico County  ,John Randolph Tucker High,31,,4,7,14,3,26,4,12,13,0,17,200,185,11,,1,1,398,112,186,30,49,10,11
140,Henrico County  ,Mills E. Godwin High,42,0,10,15,17,4,32,9,36,25,3,5,115,347,4,,,,466,81,294,20,33,7,31
580,Henrico County  ,Varina High,7,0,0,1,6,1,4,1,1,0,1,4,220,159,22,,1,3,405,69,113,74,94,8,47
10,Henry County  ,Bassett High,15,2,8,13,0,38,0,6,20,9,8,15,149,116,10,,1,2,278,148,68,4,50,8,
20,Henry County  ,Magna Vista High,5,11,9,0,3,4,2,6,5,7,3,7,146,101,16,,4,6,273,133,71,17,19,4,29
40,Isle of Wight County  ,Smithfield High,2,13,18,1,10,10,25,23,9,4,16,6,121,177,2,,,4,304,75,163,23,29,14,
250,Isle of Wight County  ,Windsor High,18,18,0,8,4,10,0,9,7,24,5,2,46,63,3,,4,1,117,29,45,12,25,5,1
120,King George County  ,King George High,,0,2,26,8,14,17,8,3,15,0,19,126,178,14,,,,318,103,116,29,39,25,6
280,King and Queen County  ,Central High,0,6,0,0,0,0,3,13,6,,10,0,24,14,,,,,38,9,12,1,15,1,
130,King William County  ,King William High,20,2,4,0,11,,10,2,3,4,17,25,118,65,3,,,2,188,50,56,3,69,5,5
10,Lancaster County  ,Lancaster High,2,7,0,7,2,0,0,2,10,,4,9,50,35,3,,,,88,32,34,3,9,9,1
300,Lee County  ,Lee High,7,9,46,,15,13,21,6,6,10,4,8,98,55,11,,2,1,167,81,34,6,37,1,8
880,Lee County  ,Thomas Walker High,1,13,2,5,3,,0,11,52,,6,38,37,13,1,,,,51,27,6,6,6,3,3
420,Loudoun County  ,Briar Woods High ,24,3,17,7,21,42,15,12,44,4,30,22,45,395,4,,,2,446,44,381,4,6,6,5
740,Loudoun County  ,Broad Run High,1,36,4,25,35,5,9,50,5,19,20,2,110,278,1,1,,,390,104,250,8,21,7,
120,Loudoun County  ,Freedom High ,26,2,25,40,13,10,48,,6,12,37,4,70,411,2,,,,483,67,375,15,11,4,11
370,Loudoun County  ,John Champe High School,13,3,20,35,36,10,38,3,27,22,4,8,118,429,8,,,1,556,83,421,7,15,9,21
660,Loudoun County  ,Loudoun County High,3,15,35,9,9,38,5,21,14,2,9,4,118,265,7,3,,3,396,85,246,11,40,6,8
680,Loudoun County  ,Loudoun Valley High,20,24,11,3,16,0,1,18,14,1,14,1,77,255,3,,,4,339,67,230,10,18,8,6
60,Loudoun County  ,Park View High,11,14,5,11,44,4,21,12,3,18,0,16,199,168,7,2,,2,378,117,109,13,66,13,60
140,Loudoun County  ,Potomac Falls High,43,8,10,51,0,4,39,23,2,14,5,28,131,265,5,,,4,405,92,242,13,47,7,4
1050,Loudoun County  ,Riverside High,39,17,11,43,7,27,27,1,20,4,24,32,77,385,7,,,,469,53,381,16,8,3,8
850,Loudoun County  ,Stone Bridge High,13,17,42,,50,31,2,12,30,28,26,47,94,318,8,,,3,423,85,310,11,8,4,5
560,Lunenburg County  ,Central High,3,17,0,10,9,0,10,11,7,,14,8,49,40,9,,,2,100,33,41,7,11,7,1
221,Madison County  ,Madison County High,19,0,2,12,14,0,11,0,7,4,0,4,49,92,3,1,,,145,46,54,12,28,5,
190,Mathews County  ,Mathews High,0,0,0,14,0,4,2,6,0,13,,5,54,36,5,,,1,96,28,28,4,29,6,1
980,Mecklenburg County  ,Bluestone  High,14,0,9,11,1,3,7,2,0,8,0,7,80,49,7,,,,136,13,35,4,7,3,74
990,Mecklenburg County  ,Park View High,24,3,10,14,6,22,6,14,20,6,3,13,78,77,6,,,,161,22,48,10,1,7,73
90,Middlesex County  ,Middlesex High,0,12,33,1,2,33,9,5,6,4,1,10,56,31,4,,,,91,36,19,7,18,5,6
650,Montgomery County  ,Auburn High,4,13,1,10,18,3,21,0,1,14,29,0,44,44,2,,,,90,38,35,1,15,1,
760,Montgomery County  ,Blacksburg High,4,22,7,6,33,16,35,41,7,8,31,0,61,218,5,,,1,285,76,190,2,12,1,4
770,Montgomery County  ,Christiansburg High,3,15,15,3,24,7,14,0,3,0,0,10,85,113,13,,,3,214,64,104,16,21,8,1
904,Montgomery County  ,Eastern Montgomery High,0,0,0,6,0,26,3,6,,0,6,29,40,23,1,,,,64,24,15,,24,1,
710,Nelson County  ,Nelson County High,5,13,32,6,0,17,6,10,6,1,3,26,61,63,2,,,5,131,29,44,3,50,4,1
20,New Kent County  ,New Kent High ,19,3,13,13,4,19,4,19,8,14,4,9,92,129,5,,1,2,229,71,78,16,54,10,
40,Northumberland County  ,Northumberland High,3,7,4,15,14,2,7,4,7,13,11,,56,56,4,,,,116,37,40,10,20,9,
301,Nottoway County  ,Nottoway High,3,4,,4,7,14,22,13,14,13,3,16,60,68,6,,,,134,55,41,14,19,5,
330,Orange County  ,Orange County High ,1,18,33,8,2,13,0,7,13,14,0,3,174,204,12,,1,3,394,140,104,31,97,17,5
110,Page County  ,Luray High,2,16,0,1,4,15,5,10,0,14,0,13,56,65,4,,,,125,24,30,10,37,10,14
380,Page County  ,Page County High,5,18,,2,7,8,7,17,0,12,0,20,50,75,2,,,,127,23,43,4,40,2,15
700,Patrick County  ,Patrick County High,20,11,16,58,12,8,11,0,13,0,0,0,72,65,2,,2,3,144,72,29,6,29,3,5
1720,Pittsylvania County  ,Chatham High,6,4,22,4,27,25,4,0,9,9,0,17,81,59,3,,,,143,56,52,3,30,2,
1700,Pittsylvania County  ,Gretna High,3,8,4,12,10,1,3,8,8,0,5,3,90,59,3,,,1,153,60,52,3,36,2,
1730,Pittsylvania County  ,Tunstall High,27,0,18,22,6,21,5,15,0,17,6,28,88,113,4,,,,205,111,65,1,25,1,2
11,Powhatan County  ,Powhatan High,,6,5,9,2,5,5,11,23,0,5,18,125,197,9,,5,,336,102,118,30,74,12,
400,Prince Edward County  ,Prince Edward County High,0,11,7,1,7,1,7,24,2,0,0,0,73,51,17,,,,141,34,60,15,28,3,1
20,Prince George County  ,Prince George High,6,14,13,2,11,5,7,9,10,12,42,,239,189,6,,,1,435,125,142,3,129,36,
290,Prince William County  ,Battlefield High ,11,28,34,2,31,17,24,30,6,11,28,10,220,550,13,,,1,784,221,470,28,43,22,
530,Prince William County  ,Brentsville District High,17,14,7,12,14,11,23,5,5,24,0,3,145,92,4,,,2,243,73,93,15,24,4,34
710,Prince William County  ,C.D. Hylton High,13,8,3,11,9,6,9,3,12,36,18,6,303,226,12,,1,1,543,152,226,24,46,31,64
5010,Prince William County  ,Charles J. Colgan Sr. High,28,20,2,13,12,23,32,7,0,6,27,0,272,403,19,,1,2,697,227,337,68,31,28,6
870,Prince William County  ,Forest Park High,4,23,18,2,9,10,18,17,1,3,11,0,235,270,19,,,3,527,124,221,18,32,11,121
300,Prince William County  ,Freedom High ,3,10,11,1,7,5,2,12,0,5,13,0,331,141,19,,,2,493,194,105,32,107,14,41
690,Prince William County  ,Gar-Field High,8,3,6,1,15,3,5,21,2,0,11,44,377,219,24,,,4,624,272,171,31,121,27,2
80,Prince William County  ,Osbourn Park High,0,10,44,25,5,28,16,27,25,2,12,44,187,352,4,,,4,547,73,215,11,10,4,234
1060,Prince William County  ,Patriot High,,6,27,20,3,17,23,31,38,11,5,12,252,381,23,,,1,657,134,350,30,47,6,90
140,Prince William County  ,Potomac High,0,2,15,7,1,7,5,4,21,3,4,14,289,174,17,,,1,481,110,172,7,39,14,139
680,Prince William County  ,Stonewall Jackson High,17,8,5,20,5,19,6,7,13,1,5,23,345,231,21,,1,4,602,218,154,28,91,26,85
60,Prince William County  ,Woodbridge High,0,3,19,11,1,17,11,9,11,3,3,0,348,265,17,,1,3,634,216,194,14,36,11,163
10,Pulaski County  ,Pulaski County Senior High,4,11,22,1,14,7,13,0,6,9,15,13,141,115,13,,,3,272,136,58,8,33,9,28
230,Rappahannock County  ,Rappahannock County High,25,0,0,0,4,8,0,0,11,8,27,7,28,27,1,,,,56,28,16,1,8,3,
470,Roanoke County  ,Cave Spring High,56,13,6,28,0,0,32,33,4,24,5,19,81,172,3,,,2,258,80,145,3,23,7,
610,Roanoke County  ,Glenvar High,25,15,13,32,11,8,40,20,5,34,5,31,57,78,6,,,1,142,45,64,1,25,7,
754,Roanoke County  ,Hidden Valley High,43,26,4,34,1,2,20,14,6,10,4,10,60,166,8,,,1,235,75,122,9,8,10,11
520,Roanoke County  ,Northside High,8,4,6,19,2,11,42,10,1,18,2,4,90,126,13,,,1,230,94,77,11,42,6,
630,Roanoke County  ,William Byrd High,33,8,0,11,32,31,6,4,5,0,1,12,105,145,13,1,,1,265,85,103,6,67,4,
22,Rockbridge County  ,Rockbridge County High,14,30,26,7,3,0,10,5,0,20,1,9,82,116,3,,,3,204,51,79,15,53,6,
870,Rockingham County  ,Broadway High,6,10,,12,9,0,14,10,,21,1,7,137,120,12,1,,5,275,49,99,14,107,5,1
391,Rockingham County  ,East Rockingham High,18,18,0,6,9,0,11,3,0,15,9,12,90,111,6,,,3,210,62,66,10,62,5,5
20,Rockingham County  ,Spotswood High,17,18,0,13,9,0,15,10,,27,3,12,106,139,9,,,4,258,24,148,9,58,10,9
850,Rockingham County  ,Turner Ashby High,19,13,33,11,6,5,9,50,,11,0,0,98,132,8,1,,2,241,30,109,24,66,6,6
791,Russell County  ,Castlewood High,,8,,11,10,9,,18,8,8,17,40,49,19,,,,,68,25,24,,13,4,2
540,Russell County  ,Honaker High,,15,0,0,0,,3,5,0,15,8,0,61,34,3,,1,1,100,49,20,,25,1,5
140,Russell County  ,Lebanon High,,6,6,6,,11,9,,,17,19,3,73,52,2,,3,1,131,50,38,,39,1,3
770,Scott County  ,Gate City High,15,7,10,,9,8,2,6,23,0,4,6,54,77,12,,,,143,49,40,3,43,3,5
260,Scott County  ,Rye Cove High,14,14,4,8,10,4,0,0,2,0,2,5,31,13,1,,,,45,22,6,1,10,,6
780,Scott County  ,Twin Springs High,4,,0,0,0,5,5,19,8,19,2,24,22,21,2,1,,,46,15,12,1,14,2,2
780,Shenandoah County  ,Central High,5,4,8,9,28,,19,0,18,21,22,5,96,93,13,,,,202,57,61,11,70,2,1
790,Shenandoah County  ,Stonewall Jackson High,7,11,7,9,14,8,7,3,19,12,10,0,75,55,7,2,,,139,42,44,14,29,9,1
770,Shenandoah County  ,Strasburg High,4,5,5,9,4,5,4,0,0,0,0,2,75,76,1,,,,152,63,42,6,31,10,
460,Smyth County  ,Chilhowie High,17,2,12,,22,0,9,,0,0,4,8,58,39,1,,,,98,30,17,8,41,2,
700,Smyth County  ,Marion Senior High,31,0,0,27,0,12,0,5,6,0,13,19,60,63,8,,,1,132,50,40,6,31,4,1
250,Smyth County  ,Northwood High,0,18,0,3,0,7,5,23,5,14,14,0,51,12,,,,,63,48,3,2,7,2,1
690,Southampton County  ,Southampton High,10,0,13,3,2,7,23,3,4,,6,1,73,108,5,,,1,187,40,77,29,29,12,
381,Spotsylvania County  ,Chancellor High,6,2,10,3,2,6,35,7,10,17,1,16,135,141,15,,,,291,83,152,14,29,13,
20,Spotsylvania County  ,Courtland High,4,12,0,2,6,30,12,9,10,3,4,4,118,175,5,,,1,299,84,136,18,39,22,
506,Spotsylvania County  ,Massaponax High,11,1,6,7,32,8,8,14,1,6,5,12,154,226,13,,,3,396,132,167,19,51,27,
510,Spotsylvania County  ,Riverbend High ,5,3,3,20,2,10,4,0,5,1,10,0,176,271,8,,,4,459,121,205,20,87,25,1
370,Spotsylvania County  ,Spotsylvania High,2,3,18,,6,16,12,1,9,4,11,3,133,140,5,,,8,286,93,118,24,34,15,2
421,Stafford County  ,Brooke Point High,7,8,31,11,7,12,16,4,18,8,14,31,188,232,5,,,2,427,221,121,18,40,22,5
424,Stafford County  ,Colonial Forge High,4,8,34,,12,14,17,1,21,5,18,22,181,344,10,,,7,542,123,305,41,38,33,2
430,Stafford County  ,Mountain View High ,7,5,22,20,9,8,17,3,11,6,11,15,123,337,2,,,1,463,21,80,1,14,8,339
30,Stafford County  ,North Stafford High,2,6,23,4,4,12,18,1,11,3,11,12,171,230,4,,,4,409,112,175,20,55,29,18
20,Stafford County  ,Stafford Senior High,2,6,25,1,4,14,3,22,3,13,19,7,172,284,9,,,12,477,112,242,42,53,26,2
10,Surry County  ,Surry County High,7,2,0,8,2,9,12,1,4,0,0,5,39,16,2,,,,57,6,34,2,15,,
340,Sussex County  ,Sussex Central High,0,2,5,1,5,0,1,0,6,49,9,10,50,22,4,,,,76,3,28,3,39,3,
940,Tazewell County  ,Graham High,20,0,4,14,17,20,55,12,5,23,14,6,77,46,7,,,,130,26,73,3,25,1,2
821,Tazewell County  ,Richlands High,0,11,4,15,9,17,6,11,6,44,7,7,94,73,10,,,,177,102,24,,43,7,1
890,Tazewell County  ,Tazewell High,18,6,12,0,16,0,,0,3,17,11,3,75,44,13,,,1,133,74,32,,26,1,
250,Warren County  ,Skyline High,7,10,0,2,7,5,0,10,,7,0,4,111,105,7,8,,,231,81,59,16,68,7,
230,Warren County  ,Warren County High,0,17,0,0,7,,15,0,7,21,10,0,99,87,14,,,,200,60,53,16,46,15,10
1030,Washington County  ,Abingdon High,19,14,8,9,48,0,0,5,3,2,9,15,95,110,8,,,3,216,82,82,9,31,8,4
1060,Washington County  ,Holston High,10,0,8,5,,0,,,17,0,13,14,39,28,1,,,,68,8,33,2,16,3,6
1040,Washington County  ,John S. Battle High,0,16,4,0,,17,0,25,0,50,5,17,82,72,1,,2,1,158,67,50,,38,3,
1050,Washington County  ,Patrick Henry High,0,4,4,0,0,0,0,0,,17,9,,63,46,5,,,1,115,53,22,,37,2,1
120,Westmoreland County  ,Washington & Lee High,17,6,,0,0,7,8,0,17,1,10,16,65,43,3,,,,111,33,35,4,24,7,8
1000,Wise County  ,Central High,10,,5,12,21,7,17,14,10,,9,11,95,63,9,,,,167,52,54,7,47,6,1
652,Wise County  ,Eastside High,0,19,29,6,6,14,0,30,20,4,6,,57,40,4,,,,101,8,71,7,7,5,3
1010,Wise County  ,Union High,7,5,25,1,15,3,6,6,18,13,,38,70,95,8,,1,1,175,102,48,6,8,2,9
760,Wythe County  ,Fort Chiswell High,30,51,2,13,9,11,0,12,11,0,0,5,55,55,6,,,2,118,53,39,14,7,2,3
721,Wythe County  ,George Wythe High,32,32,5,18,23,28,43,26,4,0,0,33,37,60,1,,,,98,44,30,2,17,,5
202,Wythe County  ,Rural Retreat High,15,39,3,18,14,21,,13,5,28,10,2,40,35,,,2,,77,42,19,,16,,
20,York County  ,Bruton High,16,14,0,20,4,12,13,6,11,49,47,10,49,62,2,,,,113,35,45,1,21,9,2
332,York County  ,Grafton High,22,20,1,17,7,21,26,4,8,44,31,9,107,173,6,,,1,287,27,152,6,29,12,61
230,York County  ,Tabb High,11,26,1,11,8,18,36,3,14,32,3,0,81,210,2,,,1,294,66,179,2,33,10,4
30,York County  ,York High,12,14,1,13,2,12,16,4,0,9,0,18,78,166,7,,,,251,73,126,8,33,11,
335,York County  ,York River Academy,0,0,,20,5,0,6,0,0,0,0,0,19,,,,,,19,10,1,6,2,,
210,Alexandria City  ,T.C. Williams High,9,28,33,7,16,17,1,11,3,13,19,2,497,367,47,2,1,12,926,270,467,48,75,29,37
80,Bristol City  ,Virginia High,21,4,0,11,0,3,12,6,6,0,1,2,88,59,21,,,2,170,62,52,4,37,3,12
62,Buena Vista City  ,Parry McCluer High School,4,4,7,11,,8,3,3,13,2,0,5,43,20,,1,,,64,17,23,1,17,,6
140,Charlottesville City  ,Charlottesville High,34,1,24,25,1,10,28,0,3,15,21,5,111,160,22,,,,293,78,142,22,47,3,1
40,Colonial Heights City  ,Colonial Heights High,3,0,3,6,13,,14,5,0,12,5,0,79,124,4,,2,6,215,80,78,15,26,16,
350,Covington City  ,Covington High,7,0,3,12,0,4,4,24,2,14,14,1,33,22,4,3,1,1,64,26,14,2,19,3,
1374,Danville City  ,Galileo Magnet High,29,0,0,0,0,4,9,0,12,9,0,0,27,43,,,,,70,33,25,1,4,7,
210,Danville City  ,George Washington High,13,1,2,5,0,4,,2,18,5,25,2,184,61,20,10,1,9,285,62,95,16,86,19,7
251,Falls Church City  ,George Mason High,14,53,0,14,20,20,2,19,10,37,35,3,52,132,,2,1,,187,29,145,2,7,1,3
40,Fredericksburg City  ,James Monroe High,0,5,3,4,0,5,5,10,15,3,9,6,119,125,10,,6,,260,83,114,12,35,5,11
31,Galax City  ,Galax High,24,,0,5,0,,0,0,0,0,8,17,52,36,1,,2,,91,41,26,2,18,4,
430,Hampton City  ,Bethel High,8,6,1,11,1,4,3,0,4,6,2,21,244,144,31,,1,1,421,61,139,27,48,20,126
280,Hampton City  ,Hampton High,1,11,0,3,1,6,14,1,6,13,10,2,224,125,21,,,2,372,23,185,68,56,24,16
320,Hampton City  ,Kecoughtan High,11,8,1,11,2,8,4,8,0,4,7,8,205,191,11,,,2,409,95,169,26,76,24,19
50,Hampton City  ,Phoebus High,0,3,8,1,5,0,7,4,6,11,37,16,148,72,24,,,3,247,41,92,25,37,42,10
12,Harrisonburg City  ,Harrisonburg High,5,20,18,1,11,3,12,8,7,22,53,,148,260,13,,8,,429,160,132,26,104,6,1
120,Hopewell City  ,Hopewell High,,2,4,11,3,5,1,3,4,1,8,25,164,70,2,,,,236,66,90,1,57,22,
260,Lynchburg City  ,E.C. Glass High ,23,35,1,16,18,1,2,14,14,0,1,5,117,184,21,2,,8,332,81,151,13,24,7,56
130,Lynchburg City  ,Heritage High,17,8,1,11,6,0,12,4,4,3,0,5,110,106,13,1,1,3,234,99,80,2,23,5,25
110,Martinsville City  ,Martinsville High,,3,8,15,0,3,12,7,,3,7,23,71,50,4,,,1,126,63,34,5,16,4,4
1405,Newport News City  ,Achievable Dream Middle/High ,4,0,4,,7,3,1,2,20,4,4,7,3,39,,,,,42,6,25,4,,7,
280,Newport News City  ,Denbigh High,1,1,9,0,3,0,2,0,2,8,27,8,229,84,10,,,9,332,84,85,52,51,39,21
1395,Newport News City  ,Heritage High,1,14,,1,18,2,9,7,2,6,20,1,150,109,13,,2,3,277,48,93,11,93,18,14
1220,Newport News City  ,Menchville High,4,9,0,0,6,0,5,14,1,3,19,6,172,186,11,,,2,371,99,146,20,61,36,9
1070,Newport News City  ,Warwick High,4,7,1,8,0,4,8,3,0,5,9,1,174,170,6,,,1,351,56,195,29,36,23,12
1396,Newport News City  ,Woodside High,0,4,0,0,1,0,0,0,0,1,,6,193,197,5,,,6,401,87,147,10,117,28,12
880,Norfolk City  ,Booker T Washington High,13,2,7,2,13,1,13,0,5,27,0,0,129,59,12,1,2,3,206,71,64,34,23,13,1
390,Norfolk City  ,Granby High,4,9,0,0,0,0,0,1,2,0,1,0,239,200,11,,,5,455,88,208,57,64,32,6
840,Norfolk City  ,Lake Taylor High ,0,8,25,7,2,10,10,2,13,1,5,18,145,71,17,1,4,6,244,55,89,34,45,19,2
10,Norfolk City  ,Matthew Fontaine Maury High,2,4,19,2,2,4,10,1,11,1,4,26,171,224,6,,1,9,411,73,261,19,34,17,7
580,Norfolk City  ,Norview High,2,6,11,5,6,10,3,10,7,6,0,7,244,163,17,,2,7,433,62,240,42,42,46,1
20,Norton City  ,J.I. Burton High ,12,0,7,0,,9,0,0,,4,22,,25,33,,,,,58,22,27,,7,2,
200,Petersburg City  ,Petersburg High,3,0,3,23,2,10,27,0,14,1,13,0,156,64,22,,2,,244,6,97,3,132,6,
500,Portsmouth City  ,Churchland High,5,13,11,1,11,4,10,5,6,0,2,6,226,157,7,,,2,392,86,147,35,73,37,14
240,Portsmouth City  ,I.C. Norcom High,6,1,5,0,3,2,3,0,1,0,3,16,158,64,12,,5,,239,31,76,85,16,17,14
1660,Portsmouth City  ,Woodrow Wilson High,10,12,5,,0,8,1,4,2,6,6,20,177,97,12,,,9,295,60,135,14,54,32,
41,Radford City  ,Radford High,21,18,18,0,2,5,24,13,4,10,11,19,63,60,3,,,,126,62,48,1,13,1,1
850,Richmond City  ,Armstrong High ,0,2,0,1,2,2,0,1,,5,0,0,125,33,7,,,,165,106,31,1,18,1,8
741,Richmond City  ,George Wythe High,2,1,3,5,0,0,2,6,,3,1,2,130,36,6,,1,,173,127,34,,4,,8
1510,Richmond City  ,Huguenot High,0,2,3,7,3,5,0,0,4,23,,8,179,67,12,,2,,260,162,70,1,10,1,16
730,Richmond City  ,John Marshall High,7,6,0,0,0,3,3,9,0,18,41,0,72,53,10,,,,135,64,53,1,7,,10
90,Richmond City  ,Open High,0,21,14,8,7,19,29,6,,,8,33,,48,,,,,48,1,37,2,7,1,
452,Richmond City  ,Richmond Community High,13,12,21,10,7,2,9,11,6,23,0,14,,54,,,,,54,2,50,,,1,1
20,Richmond City  ,Thomas Jefferson High,1,14,0,7,1,9,11,1,5,7,7,,58,90,2,,,,150,47,91,4,6,,2
390,Roanoke City  ,Patrick Henry High,26,6,6,9,,2,5,11,6,20,1,5,274,177,71,3,,,525,117,142,25,120,16,105
400,Roanoke City  ,William Fleming High,13,3,13,31,13,7,52,38,9,24,12,21,230,122,45,4,,,401,113,94,23,148,10,13
395,Suffolk City  ,King's Fork High,0,3,0,15,,8,8,14,,1,19,4,159,139,12,,,1,311,58,159,17,21,28,28
300,Suffolk City  ,Lakeland High,2,1,0,9,7,4,,6,0,22,0,0,136,71,16,,1,4,228,48,59,9,101,10,1
240,Suffolk City  ,Nansemond River High,25,23,2,8,13,10,17,12,2,24,11,12,170,165,9,,,2,346,73,196,7,41,20,9
530,Virginia Beach City  ,Bayside High,3,9,2,15,2,7,4,3,4,30,9,7,211,198,20,1,1,5,436,78,260,34,26,9,29
610,Virginia Beach City  ,First Colonial High,5,12,6,10,6,10,2,3,0,9,31,9,149,254,19,,,6,428,96,263,3,47,9,10
440,Virginia Beach City  ,Floyd Kellam High,2,5,8,3,5,3,8,3,4,5,30,6,126,361,7,1,,2,497,114,310,27,24,19,3
30,Virginia Beach City  ,Frank W. Cox High,2,6,14,3,12,8,13,16,4,3,21,0,150,254,9,,,4,417,113,254,20,18,10,2
1050,Virginia Beach City  ,Green Run Collegiate,2,,17,2,3,13,4,0,3,0,4,9,5,66,,,,,71,20,40,,4,6,1
10,Virginia Beach City  ,Green Run High,0,0,2,2,2,0,3,5,1,0,3,0,198,113,18,,2,1,332,112,159,9,46,4,2
620,Virginia Beach City  ,Kempsville High,3,,4,0,23,7,3,8,8,1,15,3,160,225,8,,,8,401,100,209,10,41,20,21
1030,Virginia Beach City  ,Landstown High,9,5,2,0,11,34,28,9,17,25,3,24,200,332,27,,1,3,563,150,299,38,39,33,4
960,Virginia Beach City  ,Ocean Lakes High,9,24,16,1,0,11,45,9,18,10,4,2,154,332,20,1,,5,512,150,253,19,63,20,7
321,Virginia Beach City  ,Princess Anne High,27,7,19,18,3,6,29,6,2,5,10,13,148,276,24,1,2,4,455,83,302,12,20,9,29
850,Virginia Beach City  ,Salem High,13,2,6,23,2,5,27,3,2,10,8,3,197,199,12,,,1,409,173,171,18,20,24,3
920,Virginia Beach City  ,Tallwood High,7,3,5,5,2,0,4,0,14,0,0,2,200,265,26,,,1,492,127,256,30,41,34,4
600,Waynesboro City  ,Waynesboro High,4,5,18,0,5,4,1,0,2,6,0,3,95,70,7,,,2,174,53,55,7,51,6,2
202,Williamsburg-James City County  ,Jamestown High,11,34,18,9,15,22,0,28,8,27,35,11,98,232,4,,,5,339,18,65,1,6,2,247
90,Williamsburg-James City County  ,Lafayette High,9,21,13,10,16,15,1,16,4,20,10,4,108,143,11,,,4,266,68,138,5,43,12,
204,Williamsburg-James City County  ,Warhill High,5,21,9,6,14,10,1,19,4,19,27,11,142,191,10,,,8,351,150,147,5,32,17,
40,Winchester City  ,John Handley High School,0,8,28,3,11,20,2,21,6,12,11,0,137,128,9,,,3,277,64,121,20,60,9,3
20,Franklin City  ,Franklin High,,8,10,1,0,6,0,2,0,6,,0,33,36,2,,,,71,24,33,13,,1,
100,Chesapeake City  ,Deep Creek High,34,10,17,19,2,13,55,17,49,42,12,43,136,208,13,,,6,363,76,184,33,31,30,9
960,Chesapeake City  ,Grassfield High,22,31,31,15,7,33,,8,33,23,6,28,160,370,17,,,1,548,123,352,17,31,17,8
120,Chesapeake City  ,Great Bridge High,9,29,10,11,11,41,0,7,33,32,5,39,105,242,8,,,3,358,65,102,14,19,14,144
890,Chesapeake City  ,Hickory High,11,38,24,27,4,16,,9,19,27,3,11,105,305,4,,1,5,420,105,224,23,32,18,18
830,Chesapeake City  ,Indian River High,7,5,9,5,7,20,,12,10,20,0,24,182,216,14,,3,7,422,93,195,14,69,40,11
80,Chesapeake City  ,Oscar F. Smith High,7,9,33,4,8,24,,10,20,24,9,42,216,273,29,,1,13,532,116,265,25,62,57,7
840,Chesapeake City  ,Western Branch High,21,18,32,8,0,1,4,0,0,0,3,0,211,266,24,,1,2,504,110,209,18,50,21,96
70,Salem City  ,Salem High,0,16,1,14,18,6,4,0,9,0,12,20,97,186,13,,,2,298,92,151,6,43,3,3
10,Poquoson City  ,Poquoson High,18,27,0,35,1,7,3,28,39,9,4,13,56,93,3,,,1,153,25,87,10,15,15,1
370,Manassas City  ,Osbourn High,11,20,1,8,6,0,9,1,6,12,4,4,222,227,9,,,5,463,209,98,12,126,18,
30,Manassas Park City  ,Manassas Park High,17,6,15,0,13,2,11,12,14,17,1,4,118,131,1,,,1,251,98,94,11,42,5,1
21,Colonial Beach  ,Colonial Beach High,,7,0,7,16,3,6,14,4,4,0,,16,20,1,,,,37,8,17,3,8,1,